"0","library(xcms)
"
"2","Loading required package: BiocParallel
"
"2","Loading required package: MSnbase
"
"2","Loading required package: BiocGenerics
"
"2","
Attaching package: ‘BiocGenerics’

"
"2","The following objects are masked from ‘package:stats’:

    IQR, mad, sd, var, xtabs

"
"2","The following objects are masked from ‘package:base’:

    anyDuplicated, aperm, append, as.data.frame, basename, cbind, colnames, dirname, do.call, duplicated, eval, evalq, Filter, Find,
    get, grep, grepl, intersect, is.unsorted, lapply, Map, mapply, match, mget, order, paste, pmax, pmax.int, pmin, pmin.int,
    Position, rank, rbind, Reduce, rownames, sapply, setdiff, sort, table, tapply, union, unique, unsplit, which.max, which.min

"
"2","Loading required package: Biobase
"
"2","Welcome to Bioconductor

    Vignettes contain introductory material; view with 'browseVignettes()'. To cite Bioconductor, see 'citation(""Biobase"")', and for
    packages 'citation(""pkgname"")'.

"
"2","Loading required package: mzR
"
"2","Loading required package: Rcpp
"
"2","Loading required package: S4Vectors
"
"2","Loading required package: stats4
"
"2","
Attaching package: ‘S4Vectors’

"
"2","The following objects are masked from ‘package:base’:

    expand.grid, I, unname

"
"2","Loading required package: ProtGenerics
"
"2","
Attaching package: ‘ProtGenerics’

"
"2","The following object is masked from ‘package:stats’:

    smooth

"
"2","
This is MSnbase version 2.24.2 
  Visit https://lgatto.github.io/MSnbase/ to get started.

"
"2","
Attaching package: ‘MSnbase’

"
"2","The following object is masked from ‘package:base’:

    trimws

"
"2","
This is xcms version 3.20.0 

"
"2","
Attaching package: ‘xcms’

"
"2","The following object is masked from ‘package:stats’:

    sigma

"
